{
    "avg_reprojection_error": 0.570314233697806,
    "camera_matrix": [
        1706.8743420144017,
        0.0,
        960.5390790039274,
        0.0,
        1700.0686249753114,
        554.304123234101,
        0.0,
        0.0,
        1.0
    ],
    "distortion_coefficients": [
        0.8293548413467797,
        -1.563453123079522,
        -0.0021809305730306383,
        0.0010316589079369717,
        3.2612294894659852,
        0.5712738259830856,
        0.16056556701700878,
        -0.11542135306858661,
        0.0,
        0.0,
        0.0,
        0.0,
        0.0,
        0.0
    ]
}
