{
    "avg_reprojection_error": 0.3989609373420981,
    "camera_matrix": [
        1767.9127661050213,
        0.0,
        989.4346078931189,
        0.0,
        1763.5161174120149,
        540.7047848582404,
        0.0,
        0.0,
        1.0
    ],
    "distortion_coefficients": [
        0.3878712310499567,
        -2.565991238355719,
        -0.0011767048241271092,
        0.0017341455010046007,
        5.705625605199627,
        0.036942468955108866,
        0.1181120468360684,
        -0.22744815450705766,
        0.0,
        0.0,
        0.0,
        0.0,
        0.0,
        0.0
    ]
}
