{
    "avg_reprojection_error": 0.4013144307258123,
    "camera_matrix": [
        1767.2892577918713,
        0.0,
        989.3752828025526,
        0.0,
        1762.888502877279,
        540.831384541634,
        0.0,
        0.0,
        1.0
    ],
    "distortion_coefficients": [
        0.3860266674973893,
        -2.5637758891285225,
        -0.0011477914319314494,
        0.0017287037976314885,
        5.697679954507373,
        0.035490710962672006,
        0.1178126122763111,
        -0.22713730026113924,
        0.0,
        0.0,
        0.0,
        0.0,
        0.0,
        0.0
    ]
}
