{
    "avg_reprojection_error": 0.4013144307257936,
    "camera_matrix": [
        1767.289068785592,
        0.0,
        989.3752805620148,
        0.0,
        1762.8883134778168,
        540.8313697762535,
        0.0,
        0.0,
        1.0
    ],
    "distortion_coefficients": [
        0.3860269553538096,
        -2.5637746500741607,
        -0.0011477999474249617,
        0.0017287042191773678,
        5.697675959676098,
        0.03549100120780688,
        0.11781261437364786,
        -0.2271371297879611,
        0.0,
        0.0,
        0.0,
        0.0,
        0.0,
        0.0
    ]
}
