{
    "avg_reprojection_error": 0.4013144307258051,
    "camera_matrix": [
        1767.2890647151673,
        0.0,
        989.3752847453787,
        0.0,
        1762.8883116269615,
        540.831377862841,
        0.0,
        0.0,
        1.0
    ],
    "distortion_coefficients": [
        0.38602678140050295,
        -2.56377480805085,
        -0.001147802945403296,
        0.0017287047469541318,
        5.697676385733264,
        0.035490795516980075,
        0.1178125877837418,
        -0.22713715149058938,
        0.0,
        0.0,
        0.0,
        0.0,
        0.0,
        0.0
    ]
}
