{
    "avg_reprojection_error": 0.4013144307257925,
    "camera_matrix": [
        1767.2890884192661,
        0.0,
        989.3752796101727,
        0.0,
        1762.8883325281354,
        540.8313689663253,
        0.0,
        0.0,
        1.0
    ],
    "distortion_coefficients": [
        0.3860269757358184,
        -2.5637747271254465,
        -0.001147798270121505,
        0.0017287040312648299,
        5.69767623135109,
        0.03549103027238857,
        0.11781262158926835,
        -0.2271371404011445,
        0.0,
        0.0,
        0.0,
        0.0,
        0.0,
        0.0
    ]
}
